"","model_type","f_score"
"1","GBM",0.81242024670353
"2","AML",0.826758147512864
