"","model_type","f_score"
"1","GBM",0.848351648351648
"2","AML",0.812972012438916
